{"pesos_entrada_hidden": [[2.0243312281992156, 1.682957639388594, 0.8627884541955116, 2.6567265400592555, 0.8776111056996765, 0.34754356680857884, 0.49584576275130643, 1.6684516713256903, 0.7428626244508366, 0.5684471074871552], [0.9346847069029711, 1.1098491377546513, 0.6734742549828919, 1.253403706558635, 0.200002840807281, 1.2844151054112116, 0.11471670884578522, 0.8613465000402861, 0.4604151104852054, -0.06726618963903327], [0.836906609683322, 0.7342853628142031, 0.2702996921044341, 1.0727380068461767, 0.5868977254042468, 0.7006697475913144, 0.9271568510114646, 0.6578389701634321, 0.6531737537130392, 0.6716909832922285], [0.6903406107561982, 0.5181753711759497, 0.817138914958997, 0.8176505149411565, 0.7102403007526709, -0.11536564322322237, 1.8348631485435276, 0.6866335892578873, 0.8976181457916336, 0.85752578267448]], "pesos_hidden_saida": [[3.262202728327359], [1.672344466892458], [1.39269726696344], [0.5177638131897464], [2.1905545806646756], [0.12886083608492535], [0.5859135455468418], [1.0759918602958176], [1.3991639058176348], [0.5710661272552718], [-0.023809558479715748]]}