{"pesos_entrada_hidden": [[0.5040486892369511, 0.22834965759366987, 0.01409644763778032, 0.2128965108593756, 1.2030698578796146, 1.686956857453518, 2.8430072300882125, 1.0803066604256624, 1.5609771061167654, 0.7513908012200937], [0.2472053387887975, 0.3746755492104096, 0.8338398228671999, 0.2230963076276446, 0.877791964582546, 1.0984339601903212, 1.3601581966505798, 0.897058636135328, 0.8943045790758805, 0.2528025454245], [0.7646518648345512, 0.06619257669251911, 0.37500720051679626, 0.39838274075710245, 0.9183491053554078, 0.7380969874975372, 1.1545655562862798, 0.38662576404036564, 0.7918049813018813, 0.13305785318928126], [2.084334058750812, 0.022634909317651806, 0.5567150412508596, 1.1208530506666965, 0.27732921799297044, 0.48884562177760027, 0.8646426317532931, 0.741316789014563, 0.49688737147146744, 0.23113262328606654]], "pesos_hidden_saida": [[3.155636317348959], [1.310983732205597], [-0.33470813144713335], [-0.006125666860694068], [0.30491511447141256], [1.2594661483713487], [1.5994135151967106], [2.5090050131839554], [1.1731599991755983], [1.1541901358751], [0.003070534877589888]]}