{"pesos_entrada_hidden": [[2.0638322529998994, 1.3649121254689398, -0.06862308207491347, 0.652142204310617, 2.621390019404064, 0.336474635898632, 0.4471495581770601, 1.0617820033310506, 0.7911138753031837, 1.1183353868829824], [0.893744921715829, 0.8990937479983124, 0.015266313257178641, 1.142318630285561, 1.1959187641926234, -0.189082659669957, 0.16025192600527105, 1.071388545217707, 1.1367863219470506, 0.7543936069479331], [0.9187205611540613, 0.5352063742724947, -0.3545321041951308, 0.0060996514449008785, 1.0627876225264223, 1.268546506508787, 0.6816138896703847, 0.5796134180631858, 0.6641402485120257, 0.7624803972811589], [0.7160882028138731, 0.5839058882645615, -0.42331422533269186, 1.1884864761448208, 0.8196890650915656, 1.4588676529188493, -0.16434508005058504, 0.28135829016819536, 0.08627253209720073, 0.46087842220633857]], "pesos_hidden_saida": [[2.75880668834148], [1.864566426224567], [1.1080715045548553], [-1.069863932312089], [0.8911591548740162], [2.1891438947626427], [0.9773928161209265], [-0.2677383110042448], [0.8273096083088918], [0.6535208778593935], [0.8002034953364642]]}