{"pesos_entrada_hidden": [[2.2235124125444172, 0.6372225824064279, 1.624856591860874, 0.9665423666536885, 0.8129838719247832, 1.7704117108834672, 1.2526018897298339, 1.0225739304162689, 1.2340808649507748, 1.91419462429996], [1.0059337985125087, 0.3644635210743653, 0.7106071587846564, -0.030062966227473946, 0.7322400869643357, 0.9034183044990386, 0.7265614529622798, 0.956417935669501, 0.5726265542911037, 0.8853041307594725], [0.948799492862788, 1.033988973408561, 0.7445802660532178, 0.7614005692502632, 0.5091569442271607, 0.7099508904149828, 0.753447570421006, 0.2858403395788727, 0.7565699257588568, 0.8785366673242485], [0.7245745926464016, 0.4375973804464543, 0.8081274084241783, 0.02928713729182175, 0.3392032396082569, 0.6587260896287935, 0.4988671950593012, 1.2402850187551562, 0.5362600016398721, 0.6367538527612817]], "pesos_hidden_saida": [[3.1544828187067027], [1.7170938817671213], [0.3894011217079177], [1.453135527109674], [-0.180969895434938], [0.46392967439748717], [1.416439646469156], [0.8310695216546381], [1.1488509724916574], [0.8421274805954427], [1.4857771487826292]]}