{"pesos_entrada_hidden": [[2.4820299967137767, 0.37395149413600093, 1.7175569461954103, 0.19414284032617277, -0.05478155577456044, 0.13472996906147375, 0.7275685129540397, 1.8802603065348509, 1.1844745631796465, 1.4824088575330618], [1.15490486692735, 1.1487668004573912, 1.0514386141942735, 0.47260464825833326, 0.3566692666998808, 0.414216478735845, 0.6887404150723351, 0.9368681646797697, 0.54666139491987, 0.6574631374924044], [1.0240035892194042, -0.18837839899000258, 0.9541557646987455, -0.012606635427984045, 0.43003019714340285, 0.8445391256239532, 0.27074487627731747, 1.01363753896361, 0.9480585797357424, 0.946153924995817], [0.7690414858275948, 1.515244801581182, 0.4033348544247353, -0.08245064803908211, 0.6307211905481828, 0.47704348645155287, 1.3749804757761026, 0.5180468315357137, 0.5438456305462405, 0.566632490546846]], "pesos_hidden_saida": [[3.0613896280616393], [1.9655962045305626], [0.9700726268014906], [1.4681573756287292], [-0.38574363502305403], [-0.20207655078049228], [-0.0069303280847128135], [1.2131963247233335], [1.548328825736903], [1.1357275362695303], [1.1789251883538374]]}